Temperature,Room
20.0,TestRoom
20.0,TestRoom
20.0,TestRoom
20.0,TestRoom
20.0,TestRoom
20.0,TestRoom
20.0,TestRoom
20.0,TestRoom
20.0,TestRoom
20.0,TestRoom
20.0,TestRoom
20.0,TestRoom
20.0,TestRoom
20.0,TestRoom
20.0,TestRoom
20.0,TestRoom
20.0,TestRoom
20.0,TestRoom
20.0,TestRoom
20.0,TestRoom
20.0,TestRoom
20.0,TestRoom
20.0,TestRoom
20.0,TestRoom
20.0,TestRoom
20.0,TestRoom
20.0,TestRoom
20.0,TestRoom
20.0,TestRoom
20.0,TestRoom
20.0,TestRoom
20.0,TestRoom
20.0,TestRoom
20.0,TestRoom
20.0,TestRoom
20.0,TestRoom
20.0,TestRoom
20.0,TestRoom
20.0,TestRoom
20.0,TestRoom
20.0,TestRoom
20.0,TestRoom
20.0,TestRoom
20.0,TestRoom
20.0,TestRoom
20.0,TestRoom
20.0,TestRoom
20.0,TestRoom
20.0,TestRoom
20.0,TestRoom
20.0,TestRoom
20.0,TestRoom
20.0,TestRoom
20.0,TestRoom
20.0,TestRoom
20.0,TestRoom
20.0,TestRoom
20.0,TestRoom
20.0,TestRoom
20.0,TestRoom
20.0,TestRoom
20.0,TestRoom
20.0,TestRoom
20.0,TestRoom
20.0,TestRoom
20.0,TestRoom
20.0,TestRoom
20.0,TestRoom
20.0,TestRoom
20.0,TestRoom
20.0,TestRoom
20.0,TestRoom
20.0,TestRoom
20.0,TestRoom
20.0,TestRoom
20.0,TestRoom
20.0,TestRoom
20.0,TestRoom
20.0,TestRoom
20.0,TestRoom
20.0,TestRoom
20.0,TestRoom
20.0,TestRoom
20.0,TestRoom
20.0,TestRoom
20.0,TestRoom
20.0,TestRoom
20.0,TestRoom
20.0,TestRoom
20.0,TestRoom
20.0,TestRoom
20.0,TestRoom
20.0,TestRoom
20.0,TestRoom
20.0,TestRoom
20.0,TestRoom
20.0,TestRoom
20.0,TestRoom
20.0,TestRoom
20.0,TestRoom
20.0,TestRoom
20.0,TestRoom
20.0,TestRoom
20.0,TestRoom
20.0,TestRoom
20.0,TestRoom
20.0,TestRoom
20.0,TestRoom
20.0,TestRoom
20.0,TestRoom
20.0,TestRoom
20.0,TestRoom
20.0,TestRoom
20.0,TestRoom
20.0,TestRoom
20.0,TestRoom
20.0,TestRoom
20.0,TestRoom
20.0,TestRoom
20.0,TestRoom
20.0,TestRoom
20.0,TestRoom
20.0,TestRoom
20.0,TestRoom
20.0,TestRoom
20.0,TestRoom
20.0,TestRoom
20.0,TestRoom
20.0,TestRoom
20.0,TestRoom
20.0,TestRoom
20.0,TestRoom
20.0,TestRoom
20.0,TestRoom
20.0,TestRoom
20.0,TestRoom
20.0,TestRoom
20.0,TestRoom
20.0,TestRoom
20.0,TestRoom
20.0,TestRoom
20.0,TestRoom
20.0,TestRoom
20.0,TestRoom
20.0,TestRoom
20.0,TestRoom
20.0,TestRoom
20.0,TestRoom
20.0,TestRoom
20.0,TestRoom
20.0,TestRoom
20.0,TestRoom
20.0,TestRoom
20.0,TestRoom
20.0,TestRoom
20.0,TestRoom
20.0,TestRoom
20.0,TestRoom
20.0,TestRoom
20.0,TestRoom
20.0,TestRoom
20.0,TestRoom
20.0,TestRoom
20.0,TestRoom
20.0,TestRoom
20.0,TestRoom
20.0,TestRoom
20.0,TestRoom
20.0,TestRoom
20.0,TestRoom
20.0,TestRoom
20.0,TestRoom
20.0,TestRoom
20.0,TestRoom
20.0,TestRoom
20.0,TestRoom
20.0,TestRoom
20.0,TestRoom
20.0,TestRoom
20.0,TestRoom
20.0,TestRoom
20.0,TestRoom
20.0,TestRoom
20.0,TestRoom
20.0,TestRoom
20.0,TestRoom
20.0,TestRoom
20.0,TestRoom
20.0,TestRoom
20.0,TestRoom
20.0,TestRoom
20.0,TestRoom
20.0,TestRoom
20.0,TestRoom
20.0,TestRoom
20.0,TestRoom
20.0,TestRoom
20.0,TestRoom
20.0,TestRoom
20.0,TestRoom
20.0,TestRoom
20.0,TestRoom
20.0,TestRoom
20.0,TestRoom
20.0,TestRoom
20.0,TestRoom
20.0,TestRoom
20.0,TestRoom
20.0,TestRoom
20.0,TestRoom
20.0,TestRoom
20.0,TestRoom
20.0,TestRoom
20.0,TestRoom
20.0,TestRoom
20.0,TestRoom
20.0,TestRoom
20.0,TestRoom
20.0,TestRoom
20.0,TestRoom
20.0,TestRoom
20.0,TestRoom
20.0,TestRoom
20.0,TestRoom
20.0,TestRoom
20.0,TestRoom
20.0,TestRoom
20.0,TestRoom
20.0,TestRoom
20.0,TestRoom
20.0,TestRoom
20.0,TestRoom
20.0,TestRoom
20.0,TestRoom
20.0,TestRoom
20.0,TestRoom
20.0,TestRoom
20.0,TestRoom
20.0,TestRoom
20.0,TestRoom
20.0,TestRoom
20.0,TestRoom
20.0,TestRoom
20.0,TestRoom
20.0,TestRoom
20.0,TestRoom
20.0,TestRoom
20.0,TestRoom
20.0,TestRoom
20.0,TestRoom
20.0,TestRoom
20.0,TestRoom
20.0,TestRoom
20.0,TestRoom
20.0,TestRoom
20.0,TestRoom
20.0,TestRoom
20.0,TestRoom
20.0,TestRoom
20.0,TestRoom
20.0,TestRoom
20.0,TestRoom
20.0,TestRoom
20.0,TestRoom
20.0,TestRoom
20.0,TestRoom
20.0,TestRoom
20.0,TestRoom
20.0,TestRoom
20.0,TestRoom
20.0,TestRoom
20.0,TestRoom
20.0,TestRoom
20.0,TestRoom
20.0,TestRoom
20.0,TestRoom
20.0,TestRoom
20.0,TestRoom
